{"cameraMode":{"drawMode":0,"name":"Shaded","section":"Shading Mode"},"sceneLighting":true,"audioPlay":false,"sceneViewState":{"m_AlwaysRefresh":false,"showFog":true,"showSkybox":true,"showFlares":true,"showImageEffects":true,"showParticleSystems":true,"showVisualEffectGraphs":true,"m_FxEnabled":true},"in2DMode":false,"pivot":{"x":1.276350736618042,"y":2.208444118499756,"z":-3.7897849082946779},"rotation":{"x":-0.12584348022937776,"y":0.15762586891651154,"z":-0.02025323174893856,"w":-0.9792488813400269},"size":1.8733091354370118,"orthographic":false}